{
  "offsets" : [
    1,
    1.0496692619287038,
    1.0219078082894266,
    1.00877764352464,
    1,
    1,
    1,
    1.012059827150608,
    1.0027604235250427,
    1,
    1
  ],
  "slopes" : [
    97.98993114190282,
    97.9503307380713,
    97.97809219171057,
    97.95328205395576,
    97.97054807128603,
    97.98398463885415,
    97.92224399437507,
    97.98794017284939,
    97.99723957647495,
    97.9686379045722,
    98
  ]
}