{
  "npcEquipOffset" : 0.5089888137990631,
  "npcEquipSlope" : 3.840447214255765,
  "offsets" : [
    1.104135386310499,
    1,
    1,
    1,
    1,
    1.0476654884968506,
    1,
    1,
    1,
    1.041680596790627,
    1
  ],
  "playerStarterStats" : [
    15.08134850862537,
    15.140324791706854,
    9.870376905171081,
    15.002993674518063,
    15.067038007991865,
    14.840118334752889,
    14.974262142297599,
    10.00522047229752,
    14.963567404693164,
    19.844354079254874,
    20.043735489857138
  ],
  "slopes" : [
    97.8958646136895,
    98,
    97.97757812064486,
    98,
    97.98943707579366,
    97.95233451150315,
    97.60799192295991,
    98,
    98,
    97.95831940320937,
    98
  ]
}